{
  "model": {
    "type": "minecraft:range_dispatch",
    "property": "minecraft:custom_model_data",
    "index": 0,
    "fallback": {
      "type": "minecraft:model",
      "model": "minecraft:item/golden_apple"
    },
    "entries": [
      {
        "threshold": 1001.0,
        "model": {
          "type": "minecraft:model",
          "model": "treats:item/kitty_treat"
        }
      },
      {
        "threshold": 1002.0,
        "model": {
          "type": "minecraft:model",
          "model": "treats:item/puppy_treat"
        }
      }
    ]
  }
}
